number;name
1;VRChat_2024-05-04_image.png
2;VRChat_2024-06-26_19-40-39.495_1920x1080.png
3;VRChat_2024-06-26_19-40-43.105_1920x1080.png
4;VRChat_2024-06-26_23-28-52.198_1920x1080.png
5;VRChat_2024-06-26_23-30-52.619_1920x1080.png
6;VRChat_2024-06-26_23-47-16.710_1920x1080.png
7;VRChat_2024-06-26_23-47-35.086_1920x1080.png
8;VRChat_2024-06-26_23-48-40.975_1920x1080.png
9;VRChat_2024-06-26_23-48-51.473_1920x1080.png
10;VRChat_2024-06-28_00-10-58.148_1920x1080.png
11;VRChat_2024-06-30_03-26-51.839_1920x1080.png
12;VRChat_2024-06-30_03-37-30.457_1920x1080.png
13;VRChat_2024-06-30_03-51-43.557_1920x1080.png
14;VRChat_2024-06-30_03-51-51.664_1920x1080.png
15;VRChat_2024-06-30_03-51-59.344_1920x1080.png
16;VRChat_2024-06-30_03-52-00.661_1920x1080.png
17;VRChat_2024-06-30_04-31-44.246_1920x1080.png
18;VRChat_2024-11-03_03-08-21.572_1920x1080.png
19;VRChat_2024-11-10_19-15-25.917_1920x1080.png
20;VRChat_2024-11-10_19-15-27.439_1920x1080.png
21;VRChat_2024-11-10_21-06-54.193_1920x1080.png
22;VRChat_2024-11-10_21-08-02.353_1920x1080.png
23;VRChat_2024-11-11_01-36-19.001_1920x1080.png
24;VRChat_2024-11-11_01-48-21.233_1080x1920.png
25;VRChat_2024-11-11_01-59-11.048_1920x1080.png
26;VRChat_2024-11-11_02-05-46.893_1080x1920.png
27;VRChat_2024-11-11_02-11-14.502_1920x1080.png
28;VRChat_2024-11-11_02-11-57.119_1920x1080.png
29;VRChat_2024-11-11_02-17-05.784_1920x1080.png
30;VRChat_2024-11-11_02-25-00.602_1920x1080.png
31;VRChat_2024-11-11_02-25-02.006_1920x1080.png
32;VRChat_2024-11-11_02-39-49.307_1920x1080.png
33;VRChat_2024-11-11_02-40-19.559_1080x1920.png
34;VRChat_2024-11-15_02-32-58.165_1920x1080.png
35;VRChat_2024-11-15_02-34-55.248_1920x1080.png
36;VRChat_2024-11-15_02-42-25.643_1080x1920.png
37;VRChat_2024-11-15_03-06-09.945_1080x1920.png
38;VRChat_2024-11-15_03-09-59.738_1920x1080.png
39;VRChat_2024-11-17_01-14-17.224_1920x1080.png
40;VRChat_2024-11-17_01-14-47.121_1080x1920.png
41;VRChat_2024-11-17_01-16-05.741_1080x1920.png
42;VRChat_2024-11-17_01-16-34.519_1080x1920.png
43;VRChat_2024-11-17_01-16-37.131_1080x1920.png
44;VRChat_2024-11-17_01-21-45.981_1080x1920.png
45;VRChat_2024-11-17_01-24-32.272_1920x1080.png
46;VRChat_2024-11-17_01-25-23.928_1920x1080.png
47;VRChat_2024-11-17_01-29-03.399_1080x1920.png
48;VRChat_2024-11-17_01-39-34.181_1920x1080.png
49;VRChat_2024-11-17_01-41-23.534_1080x1920.png
50;VRChat_2024-11-17_01-42-17.732_1920x1080.png
51;VRChat_2024-11-17_01-45-56.523_1920x1080.png
52;VRChat_2024-11-17_04-02-57.938_1920x1080.png
53;VRChat_2024-11-18_01-51-32.286_1920x1080.png
54;VRChat_2024-11-18_02-06-04.360_1920x1080.png
55;VRChat_2024-11-18_02-07-35.065_1080x1920.png
56;VRChat_2024-11-18_02-11-10.865_1920x1080.png
57;VRChat_2024-11-18_02-15-34.522_1080x1920.png
58;VRChat_2024-11-18_02-15-37.836_1080x1920.png
59;VRChat_2024-11-20_23-38-40.411_1920x1080.png
60;VRChat_2024-11-20_23-38-45.065_1920x1080.png
61;VRChat_2024-11-20_23-40-14.516_1080x1920.png
62;VRChat_2024-11-20_23-41-23.371_1080x1920.png
63;VRChat_2024-11-20_23-43-28.514_1920x1080.png
64;VRChat_2024-11-20_23-46-09.104_1080x1920.png
65;VRChat_2024-11-20_23-51-50.966_1920x1080.png
66;VRChat_2024-11-21_00-36-41.792_1920x1080.png
67;VRChat_2024-11-21_00-41-17.636_1920x1080.png
68;VRChat_2024-11-21_00-49-46.881_1080x1920.png
69;VRChat_2024-11-21_00-54-16.535_1080x1920.png
70;VRChat_2024-11-21_00-54-19.575_1080x1920.png
71;VRChat_2024-11-21_00-54-20.641_1080x1920.png
72;VRChat_2024-11-21_00-54-21.653_1080x1920.png
73;VRChat_2024-11-21_00-54-24.074_1080x1920.png
74;VRChat_2024-11-21_00-54-25.598_1080x1920.png
75;VRChat_2024-11-21_01-12-05.038_1080x1920.png
76;VRChat_2024-11-21_01-12-06.406_1080x1920.png
77;VRChat_2024-11-21_01-12-08.387_1080x1920.png
78;VRChat_2024-11-24_02-37-30.713_1920x1080.png
79;VRChat_2024-11-24_02-37-32.713_1920x1080.png
80;VRChat_2024-11-24_02-38-08.314_1920x1080.png
81;VRChat_2024-11-24_02-38-16.406_1920x1080.png
82;VRChat_2024-11-24_02-38-49.512_1920x1080.png
83;VRChat_2024-11-24_02-39-39.636_1920x1080.png
84;VRChat_2024-11-24_02-41-00.773_1080x1920.png
85;VRChat_2024-11-24_02-41-58.689_1920x1080.png
86;VRChat_2024-11-24_02-43-20.194_1920x1080.png
87;VRChat_2024-11-24_02-46-55.671_1920x1080.png
88;VRChat_2024-11-24_02-51-04.891_1920x1080.png
89;VRChat_2024-11-24_02-52-19.345_1080x1920.png
90;VRChat_2024-11-24_02-57-15.212_1920x1080.png
91;VRChat_2024-11-24_02-57-22.421_1920x1080.png
92;VRChat_2024-11-24_03-39-28.064_1920x1080.png
93;VRChat_2024-11-24_03-39-29.285_1920x1080.png
94;VRChat_2024-11-24_03-48-24.196_1080x1920.png
95;VRChat_2024-11-24_20-34-39.052_1920x1080.png
96;VRChat_2024-11-24_23-11-23.963_1920x1080.png
97;VRChat_2024-11-24_23-11-36.925_1920x1080.png
98;VRChat_2024-11-24_23-13-47.215_1080x1920.png
99;VRChat_2024-11-24_23-14-51.578_1920x1080.png
100;VRChat_2024-11-24_23-14-58.669_1920x1080.png
101;VRChat_2024-11-24_23-15-00.369_1920x1080.png
102;VRChat_2024-11-24_23-21-31.795_1920x1080.png
103;VRChat_2024-11-24_23-22-09.148_1080x1920.png
104;VRChat_2024-11-24_23-22-20.337_1080x1920.png
105;VRChat_2024-11-24_23-22-31.706_1080x1920.png
106;VRChat_2024-11-24_23-23-57.642_1080x1920.png
107;VRChat_2024-11-24_23-30-58.819_1080x1920.png
108;VRChat_2024-11-24_23-37-32.770_1920x1080.png
109;VRChat_2024-11-24_23-38-03.722_1920x1080.png
110;VRChat_2024-11-24_23-39-38.064_1920x1080.png
111;VRChat_2024-11-24_23-49-32.216_1920x1080.png
112;VRChat_2024-11-24_23-50-30.340_1920x1080.png
113;VRChat_2024-11-24_23-55-28.391_1080x1920.png
114;VRChat_2024-11-25_00-09-51.523_1920x1080.png
115;VRChat_2024-11-25_00-10-03.591_1920x1080.png
116;VRChat_2024-11-25_00-10-11.971_1920x1080.png
117;VRChat_2024-11-25_00-10-42.125_1920x1080.png
118;VRChat_2024-11-25_00-11-32.057_1920x1080.png
119;VRChat_2024-11-25_00-15-42.031_1080x1920.png
120;VRChat_2024-11-25_00-16-24.794_1920x1080.png
121;VRChat_2024-11-25_00-17-19.902_1920x1080.png
122;VRChat_2024-11-25_00-17-32.728_1920x1080.png
123;VRChat_2024-11-25_00-18-29.043_1080x1920.png
124;VRChat_2024-11-25_00-25-40.756_1080x1920.png
125;VRChat_2024-11-25_00-26-20.183_1920x1080.png
126;VRChat_2024-11-25_00-26-27.097_1920x1080.png
127;VRChat_2024-11-25_00-37-51.553_1920x1080.png
128;VRChat_2024-11-25_00-37-56.160_1920x1080.png
129;VRChat_2024-11-25_00-37-57.248_1920x1080.png
130;VRChat_2024-11-25_00-38-54.698_1080x1920.png
131;VRChat_2024-11-25_00-44-05.285_1920x1080.png
132;VRChat_2024-11-25_01-08-45.120_1080x1920.png
133;VRChat_2024-11-26_15-30-22.437_2560x1440.png
134;VRChat_2024-11-26_23-00-15.804_2560x1440.png
135;VRChat_2024-11-26_23-00-22.803_1440x2560.png
136;VRChat_2024-11-26_23-00-38.102_1440x2560.png
137;VRChat_2024-11-26_23-01-12.606_2560x1440.png
138;VRChat_2024-11-26_23-01-14.693_2560x1440.png
139;VRChat_2024-11-27_00-17-12.728_1920x1080.png
140;VRChat_2024-11-27_00-36-02.676_1440x2560.png
141;VRChat_2024-11-27_18-45-16.852_1080x1920.png
142;VRChat_2024-11-30_19-40-51.731_1920x1080.png
143;VRChat_2024-11-30_19-54-31.339_2560x1440.png
144;VRChat_2024-11-30_20-04-27.294_1080x1920.png
145;VRChat_2024-11-30_20-06-21.944_2560x1440_2.png
146;VRChat_2024-11-30_20-07-25.427_1080x1920.png
147;VRChat_2024-11-30_20-11-31.634_1080x1920.png
148;VRChat_2024-12-04_20-06-37.712_2560x1440.png
149;VRChat_2024-12-04_20-06-39.622_2560x1440.png
150;VRChat_2024-12-04_20-07-29.075_1080x1920.png
151;VRChat_2024-12-04_20-12-23.925_1440x2560.png
152;VRChat_2024-12-04_20-12-36.147_2560x1440.png
153;VRChat_2024-12-04_20-12-42.660_2560x1440.png
154;VRChat_2024-12-04_20-15-18.609_2560x1440.png
155;VRChat_2024-12-04_20-15-31.843_2560x1440.png
156;VRChat_2024-12-04_20-15-43.879_1440x2560.png
157;VRChat_2024-12-04_20-15-45.414_1440x2560.png
158;VRChat_2024-12-04_20-18-09.721_2560x1440.png
159;VRChat_2024-12-04_20-18-25.105_2560x1440.png
160;VRChat_2024-12-04_20-19-15.992_2560x1440.png
161;VRChat_2024-12-04_20-30-34.498_2560x1440.png
162;VRChat_2024-12-04_20-30-36.074_2560x1440.png
163;VRChat_2024-12-04_20-33-57.347_2560x1440.png
164;VRChat_2024-12-04_20-33-59.003_2560x1440.png
165;VRChat_2024-12-04_20-34-01.494_2560x1440.png
166;VRChat_2024-12-04_20-35-30.748_1920x1080.png
167;VRChat_2024-12-04_20-36-23.467_1920x1080.png
168;VRChat_2024-12-04_20-41-47.431_2560x1440.png
169;VRChat_2024-12-05_20-05-43.454_1440x2560.png
170;VRChat_2024-12-05_20-38-16.140_1440x2560.png
171;VRChat_2024-12-05_20-38-17.393_1440x2560.png
172;VRChat_2024-12-05_20-39-37.328_2560x1440.png
173;VRChat_2024-12-05_20-50-15.371_2560x1440.png
174;VRChat_2024-12-05_20-50-32.076_1440x2560.png
175;VRChat_2024-12-05_20-51-20.755_2560x1440.png
176;VRChat_2024-12-05_20-51-35.181_1440x2560.png
177;VRChat_2024-12-05_20-59-05.674_1080x1920.png
178;VRChat_2024-12-05_21-13-19.617_1080x1920.png
179;VRChat_2024-12-06_20-40-58.793_2560x1440.png
180;VRChat_2024-12-06_20-42-47.988_2560x1440.png
181;VRChat_2024-12-06_20-42-57.259_2560x1440.png
182;VRChat_2024-12-06_20-43-11.300_2560x1440.png
183;VRChat_2024-12-11_02-37-19.927_1080x1920.png
184;VRChat_2024-12-11_02-37-29.880_1920x1080.png
185;VRChat_2024-12-18_20-14-07.537_1920x1080.png
186;VRChat_2024-12-18_20-14-36.564_1920x1080.png
187;VRChat_2024-12-18_20-25-10.692_1920x1080.png
188;VRChat_2024-12-18_20-25-12.590_1920x1080.png
189;VRChat_2024-12-18_21-47-58.380_1920x1080.png
190;VRChat_2024-12-18_21-58-55.191_1920x1080.png
191;VRChat_2024-12-18_21-59-05.826_1920x1080.png
192;VRChat_2024-12-19_15-29-45.057_2560x1440.png
193;VRChat_2024-12-19_15-31-53.995_2560x1440.png
194;VRChat_2024-12-19_15-32-09.666_2560x1440.png
195;VRChat_2024-12-19_15-35-29.571_2560x1440.png
196;VRChat_2024-12-19_15-37-54.681_2560x1440.png
197;VRChat_2024-12-19_15-38-05.261_2560x1440.png
198;VRChat_2024-12-19_15-52-38.725_2560x1440.png
199;VRChat_2024-12-19_15-52-41.279_1080x1920.png
200;VRChat_2024-12-19_15-54-01.203_2560x1440.png
201;VRChat_2024-12-19_16-02-36.260_2560x1440.png
202;VRChat_2024-12-19_16-05-12.440_1080x1920.png
203;VRChat_2024-12-19_16-05-21.644_1080x1920.png
204;VRChat_2024-12-19_16-05-25.976_1080x1920.png
205;VRChat_2024-12-19_16-06-35.296_2560x1440.png
206;VRChat_2024-12-19_16-06-59.430_2560x1440.png
207;VRChat_2024-12-19_16-10-24.810_1080x1920.png
208;VRChat_2024-12-19_16-10-27.690_1080x1920.png
209;VRChat_2024-12-19_16-11-22.985_2048x1440.png
210;VRChat_2024-12-19_16-15-13.724_1920x1080.png
211;VRChat_2024-12-19_16-15-38.233_1920x1080.png
212;VRChat_2024-12-19_16-21-32.786_1080x1920.png
213;VRChat_2024-12-22_02-39-53.769_1080x1920.png
214;VRChat_2024-12-22_02-43-31.995_2560x1440.png
215;VRChat_2024-12-22_02-44-12.726_1080x1920.png
216;VRChat_2024-12-22_03-31-14.242_1080x1920.png
217;VRChat_2024-12-22_03-32-34.008_1920x1080.png
218;VRChat_2024-12-22_03-32-37.824_2560x1440.png
219;VRChat_2024-12-22_03-32-45.456_2560x1440.png
220;VRChat_2024-12-22_03-35-54.783_1080x1920.png
221;VRChat_2024-12-22_03-35-55.986_1080x1920.png
222;VRChat_2024-12-22_17-52-43.574_2560x1440.png
223;VRChat_2024-12-22_17-56-15.151_1080x1920.png
224;VRChat_2024-12-22_21-49-10.265_2560x1440.png
225;VRChat_2024-12-22_21-49-11.468_2560x1440.png
226;VRChat_2024-12-22_21-52-17.633_1920x1080.png
227;VRChat_2024-12-22_22-02-59.257_2560x1440.png
228;VRChat_2024-12-22_22-03-02.832_1440x2560.png
229;VRChat_2024-12-22_22-03-04.062_1440x2560.png
230;VRChat_2024-12-22_22-08-42.962_1920x1080.png
231;VRChat_2024-12-22_22-08-51.168_1920x1080.png
232;VRChat_2024-12-22_22-11-16.209_1080x1920.png
233;VRChat_2024-12-22_22-15-12.928_1080x1920.png
234;VRChat_2024-12-22_22-15-17.430_1080x1920.png
235;VRChat_2024-12-23_22-59-41.155_2560x1440.png
236;VRChat_2024-12-23_22-59-42.282_2560x1440.png
237;VRChat_2024-12-23_23-10-59.831_2560x1440.png
238;VRChat_2024-12-23_23-11-06.136_2560x1440.png
239;VRChat_2024-12-24_20-02-52.768_1920x1080.png
240;VRChat_2024-12-24_20-03-12.000_1080x1920.png
241;VRChat_2024-12-24_20-47-49.674_2560x1440.png
242;VRChat_2024-12-24_21-03-51.496_2560x1440.png
243;VRChat_2024-12-24_21-04-11.096_2560x1440.png
244;VRChat_2024-12-24_21-12-37.720_1920x1080.png
245;VRChat_2024-12-24_21-19-55.042_2560x1440.png
246;VRChat_2024-12-24_21-20-01.776_2560x1440.png
247;VRChat_2024-12-24_21-22-43.528_1080x1920.png
248;VRChat_2024-12-24_21-45-44.188_1080x1920.png
249;VRChat_2024-12-24_21-45-45.848_1080x1920.png
250;VRChat_2024-12-24_21-46-19.350_1920x1080.png
251;VRChat_2024-12-24_21-57-26.149_2560x1440.png
252;VRChat_2024-12-24_21-57-30.004_2560x1440.png
253;VRChat_2024-12-24_21-59-32.744_1440x2560.png
254;VRChat_2024-12-24_22-23-43.961_1080x1920.png
255;VRChat_2024-12-24_22-30-56.157_1080x1920.png
256;VRChat_2024-12-24_22-31-06.961_1080x1920.png
257;VRChat_2024-12-25_18-18-24.077_1080x1920.png
258;VRChat_2024-12-25_18-19-39.677_1080x1920.png
259;VRChat_2024-12-25_19-02-33.555_1080x1920.png
260;VRChat_2024-12-25_19-03-11.768_1920x1080.png
261;VRChat_2024-12-25_19-07-34.224_1080x1920.png
262;VRChat_2024-12-25_19-08-29.555_2560x1440.png
263;VRChat_2024-12-25_19-44-09.360_1080x1920.png
264;VRChat_2024-12-25_20-05-40.440_1080x1920.png
265;VRChat_2024-12-25_20-05-58.583_1080x1920.png
266;VRChat_2024-12-26_23-30-10.396_2560x1440.png
267;VRChat_2024-12-26_23-30-24.278_2560x1440.png
268;VRChat_2024-12-26_23-48-13.701_2560x1440.png
269;VRChat_2024-12-27_00-08-55.387_2560x1440.png
270;VRChat_2024-12-27_00-09-12.958_2560x1440.png
271;VRChat_2024-12-27_00-09-58.142_1080x1920.png
272;VRChat_2024-12-27_00-10-09.743_1920x1080.png
273;VRChat_2024-12-27_00-10-28.780_2560x1440.png
274;VRChat_2024-12-27_00-10-59.155_2560x1440.png
275;VRChat_2024-12-27_00-18-33.817_2560x1440.png
276;VRChat_2024-12-28_01-43-42.659_2560x1440.png
277;VRChat_2024-12-28_01-43-45.774_2560x1440.png
278;VRChat_2024-12-28_01-46-55.189_2560x1440.png
279;VRChat_2024-12-28_16-30-19.306_2560x1440.png
280;VRChat_2024-12-28_16-48-38.232_2560x1440.png
281;VRChat_2024-12-28_16-57-02.200_2560x1440.png
282;VRChat_2024-12-28_16-57-08.872_2560x1440.png
283;VRChat_2024-12-28_17-00-08.785_2560x1440.png
284;VRChat_2024-12-28_17-00-23.206_2560x1440.png
285;VRChat_2024-12-28_17-40-55.352_2560x1440.png
286;VRChat_2024-12-28_17-42-40.807_2560x1440.png
287;VRChat_2024-12-28_20-35-44.835_2560x1440.png
288;VRChat_2024-12-28_20-35-51.449_2560x1440.png
289;VRChat_2024-12-28_20-36-11.223_2560x1440.png
290;VRChat_2024-12-28_20-38-05.747_2560x1440.png
291;VRChat_2024-12-28_20-39-20.781_1920x1080.png
292;VRChat_2024-12-29_01-12-19.877_2560x1440.png
293;VRChat_2024-12-29_01-17-58.955_1080x1920.png
294;VRChat_2024-12-29_01-18-05.495_1080x1920.png
295;VRChat_2024-12-29_01-24-15.760_2560x1440.png
296;VRChat_2024-12-29_01-24-30.161_2560x1440.png
297;VRChat_2024-12-29_01-47-59.207_2560x1440.png
298;VRChat_2024-12-29_01-48-04.898_2560x1440.png
299;VRChat_2024-12-29_01-51-40.219_1080x1920.png
300;VRChat_2024-12-29_01-58-31.051_2560x1440.png
301;VRChat_2024-12-29_01-58-43.503_2560x1440.png
302;VRChat_2024-12-29_01-58-50.289_2560x1440.png
303;VRChat_2024-12-29_01-59-02.783_2560x1440.png
304;VRChat_2024-12-29_01-59-24.352_2560x1440-1.png
305;VRChat_2024-12-29_02-01-28.620_2560x1440.png
306;VRChat_2024-12-29_02-02-49.785_2560x1440.png
307;VRChat_2024-12-29_02-03-02.633_1080x1920.png
308;VRChat_2024-12-29_02-06-57.748_2560x1440.png
309;VRChat_2024-12-29_03-42-16.503_1920x1080.png
310;VRChat_2024-12-29_03-44-30.173_1920x1080.png
311;VRChat_2025-01-01_20-10-59.304_1080x1920.png
312;VRChat_2025-01-01_20-39-25.255_1920x1080.png
313;VRChat_2025-01-01_20-39-53.010_1920x1080.png
314;VRChat_2025-01-01_20-40-04.281_1920x1080.png
315;VRChat_2025-01-02_16-32-37.074_2560x1440.png
316;VRChat_2025-01-02_20-18-41.872_2560x1440.png
317;VRChat_2025-01-04_03-45-11.354_1920x1080.png
318;VRChat_2025-01-04_03-45-18.427_1080x1920.png
319;VRChat_2025-01-04_03-45-27.984_1080x1920.png
320;VRChat_2025-01-04_03-46-05.553_1080x1920.png
321;VRChat_2025-01-05_07-52-58.980_1920x1080.png
322;VRChat_2025-01-05_23-36-54.891_1920x1080.png
323;VRChat_2025-01-05_23-48-55.146_1080x1920.png
324;VRChat_2025-01-06_18-45-40.658_2560x1440.png
325;VRChat_2025-01-06_18-45-43.854_2560x1440.png
326;VRChat_2025-01-06_18-47-00.323_2560x1440.png
327;VRChat_2025-01-06_18-48-46.238_2560x1440.png
328;VRChat_2025-01-06_18-49-20.882_2560x1440.png
329;VRChat_2025-01-06_18-49-33.560_2560x1440.png
330;VRChat_2025-01-06_18-49-54.768_2560x1440.png
331;VRChat_2025-01-06_18-50-47.219_2560x1440.png
332;VRChat_2025-01-06_21-33-39.233_1920x1080.png
333;VRChat_2025-01-06_21-52-48.682_2560x1440.png
334;VRChat_2025-01-06_21-56-36.845_2560x1440.png
335;VRChat_2025-01-06_23-11-11.317_1080x1920.png
336;VRChat_2025-01-06_23-11-22.995_1080x1920.png
337;VRChat_2025-01-06_23-14-56.614_1080x1920.png
338;VRChat_2025-01-06_23-15-19.780_1080x1920.png
339;VRChat_2025-01-06_23-16-52.684_2560x1440.png
340;VRChat_2025-01-06_23-19-38.781_2560x1440.png
341;VRChat_2025-01-11_00-10-59.339_2560x1440.png
342;VRChat_2025-01-11_00-11-30.909_2560x1440.png
343;VRChat_2025-01-11_00-11-42.258_2560x1440.png
344;VRChat_2025-01-11_00-11-43.442_2560x1440.png
345;VRChat_2025-01-11_00-11-45.212_2560x1440.png
346;VRChat_2025-01-11_00-13-11.897_1920x1080.png
347;VRChat_2025-01-11_00-14-38.575_2560x1440.png
348;VRChat_2025-01-11_02-41-13.355_1920x1080.png
349;VRChat_2025-01-11_02-53-13.360_1080x1920.png
350;VRChat_2025-01-13_00-20-48.032_2560x1440.png
351;VRChat_2025-01-13_00-40-42.745_1920x1080.png
352;VRChat_2025-01-13_00-59-20.831_1080x1920.png
353;VRChat_2025-01-13_00-59-40.450_1920x1080.png
354;VRChat_2025-01-13_01-02-01.499_2560x1440.png
355;VRChat_2025-01-13_01-07-48.548_1080x1920.png
356;VRChat_2025-01-13_01-07-52.098_1080x1920.png
357;VRChat_2025-01-13_01-07-55.649_1080x1920.png
358;VRChat_2025-01-13_01-09-04.419_1080x1920.png
359;VRChat_2025-01-15_20-41-45.773_1080x1920.png
360;VRChat_2025-01-15_22-07-20.451_1920x1080.png
361;VRChat_2025-01-17_21-21-47.478_1920x1080.png
362;VRChat_2025-01-17_22-10-07.346_1080x1920.png
363;VRChat_2025-01-17_22-10-11.667_1080x1920.png
364;VRChat_2025-01-17_23-07-32.937_1080x1920.png
365;VRChat_2025-01-18_15-03-23.444_1080x1920.png
366;VRChat_2025-01-25_15-43-47.311_2560x1440.png
367;VRChat_2025-01-26_21-26-23.539_1080x1920.png
368;VRChat_2025-01-26_21-30-43.613_2560x1440.png
369;VRChat_2025-01-26_21-33-03.121_1440x2560.png
370;VRChat_2025-01-26_21-33-23.780_1440x2560.png
371;VRChat_2025-01-26_21-33-25.291_1440x2560.png
372;VRChat_2025-01-26_21-33-40.310_1440x2560.png
373;VRChat_2025-01-26_21-34-21.889_1920x1080.png
374;VRChat_2025-01-26_21-34-30.476_1920x1080.png
375;VRChat_2025-01-27_04-56-49.019_2560x1440.png
376;VRChat_2025-01-27_04-57-53.995_2560x1440.png
377;VRChat_2025-01-27_05-02-29.311_2560x1440.png
378;VRChat_2025-01-27_05-06-55.325_1440x2560.png
379;VRChat_2025-01-28_02-16-11.438_1080x1920.png
380;VRChat_2025-01-28_02-16-18.119_1080x1920.png
381;VRChat_2025-01-28_02-18-50.522_1920x1080.png
382;VRChat_2025-01-29_05-37-00.278_1080x1920.png
383;VRChat_2025-01-29_05-37-21.961_1080x1920.png
384;VRChat_2025-01-30_00-47-00.061_1920x1080.png
385;VRChat_2025-01-30_00-49-08.074_1920x1080.png
386;VRChat_2025-01-30_00-49-13.674_1920x1080.png
387;VRChat_2025-01-30_01-54-17.149_1920x1080.png
388;VRChat_2025-01-30_01-57-56.592_1920x1080.png
389;VRChat_2025-02-03_02-54-45.543_1920x1080.png
390;VRChat_2025-02-10_22-12-27.387_1920x1080.png
391;VRChat_2025-02-11_438100_16.jpg
392;VRChat_2025-02-11_23-31-24.241_1920x1080.png
393;VRChat_2025-02-21_23-29-26.872_1920x1080.png
394;VRChat_2025-02-21_23-45-02.828_1920x1080.png
395;VRChat_2025-02-21_23-45-09.222_1920x1080.png
396;VRChat_2025-03-22_02-50-01.959_1920x1080.png
397;VRChat_2025-03-22_03-31-23.633_1920x1080.png
398;VRChat_2025-03-22_03-50-09.014_1080x1920.png
399;VRChat_2025-03-22_04-06-56.786_1920x1080.png
400;VRChat_2025-05-09_00-08-57.669_1920x1080.png
401;VRChat_2025-06-07_1749286073336.png
402;VRChat_2025-06-07_1749286224090.png
403;VRChat_2025-06-07_1749285929987.png
404;VRChat_2025-06-12_22-25-25.895_1920x1080.png
405;VRChat_2025-06-28_03-06-59.892_1920x1080.png
406;VRChat_2025-06-28_03-21-31.435_1920x1080.png
407;VRChat_2025-06-28_03-24-20.986_1920x1080.png
408;VRChat_2025-06-28_03-48-22.385_1920x1080.png
409;VRChat_2025-07-06_23-38-27.525_1920x1080.png
410;VRChat_2025-07-25_20EE4F1.JPG
411;VRChat_2025-07-27_03-21-39.249_1920x1080.png
412;VRChat_2025-07-27_03-31-41.493_1920x1080.png
413;VRChat_2025-07-27_03-42-40.490_1920x1080.png
414;VRChat_2025-07-30_21-53-07.387_1080x1920.png
415;VRChat_2025-07-30_22-01-12.734_1080x1920.png
416;VRChat_2025-07-30_22-10-52.943_1920x1080.png
417;VRChat_2025-07-30_22-11-54.923_1920x1080.png
418;VRChat_2025-07-30_22-11-59.772_1920x1080.png
419;VRChat_2025-07-30_22-14-01.346_1080x1920.png
420;VRChat_2025-07-30_22-16-07.218_1920x1080.png
421;VRChat_2025-07-30_22-16-21.301_1920x1080.png
422;VRChat_2025-07-30_22-17-19.358_1920x1080.png
423;VRChat_2025-08-09_03-26-49.590_1920x1080.png
424;VRChat_2025-08-09_03-28-37.812_1920x1080.png
425;VRChat_2025-08-09_03-33-08.043_1920x1080.png
426;VRChat_2025-08-09_03-33-36.669_1920x1080.png
427;VRChat_2025-08-09_03-34-33.656_1920x1080.png
428;VRChat_2025-08-09_03-36-06.610_1920x1080.png
429;VRChat_2025-08-09_03-37-21.558_1920x1080.png
430;VRChat_2025-08-09_03-42-08.826_1920x1080.png
431;VRChat_2025-08-09_03-42-16.865_1920x1080.png
432;VRChat_2025-08-09_03-42-25.270_1080x1920.png
433;VRChat_2025-08-18_01-40-38.818_1920x1080.png
434;VRChat_2025-08-18_01-47-23.603_1920x1080.png
435;VRChat_2025-10-04_01-41-34.338_3840x2160.png
436;VRChat_2025-10-05_01-59-05.286_3840x2160.png
437;VRChat_2025-10-05_02-01-26.930_3840x2160.png
438;VRChat_2025-10-05_02-01-35.517_3840x2160.png
439;VRChat_2025-10-07_21-13-46.575_1920x1080.png
440;VRChat_2025-10-07_22-54-56.005_1080x1920.png
441;VRChat_2025-10-07_22-55-55.821_1080x1920.png
442;VRChat_2025-10-09_21-48-35.583_1920x1080.png
443;VRChat_2025-10-12_05-53-50.430_1920x1080.png
444;VRChat_2025-10-12_05-54-02.175_1080x1920.png
445;VRChat_2025-10-23_22-09-55.135_1080x1920.png
446;VRChat_2025-10-23_22-10-10.641_1080x1920.png
447;VRChat_2025-10-23_22-10-25.782_1080x1920.png
448;VRChat_2025-10-23_22-49-50.703_1920x1080.png
449;VRChat_2025-10-23_22-57-53.259_1920x1080.png
450;VRChat_2025-10-23_23-12-42.796_1920x1080.png
451;VRChat_2025-10-23_23-20-35.946_1920x1080.png
452;VRChat_2025-10-23_23-25-00.111_1920x1080.png
453;VRChat_2025-10-23_23-25-42.791_1080x1920.png
454;VRChat_2025-10-23_23-31-43.607_1920x1080.png
455;VRChat_2025-10-24_05-44-32.028_3840x2160.png
456;VRChat_2025-10-24_05-44-46.412_3840x2160.png
457;VRChat_2025-10-26_204F871.JPG
458;VRChat_2025-10-26_17-10-54.510_1080x1920.png
459;VRChat_2025-10-26_17-51-08.999_1920x1080.png
460;VRChat_2025-10-26_17-52-40.879_1920x1080.png
461;VRChat_2025-10-26_17-53-10.719_1920x1080.png
462;VRChat_2026-01-28_22-55-27.536_1920x1080.png
463;VRChat_2026-01-28_23-04-53.460_1920x1080.png
464;VRChat_2026-01-28_23-05-48.278_1920x1080.png
465;VRChat_2026-01-29_00-04-28.493_1920x1080.png
466;VRChat_2026-02-03_20-59-45.901_1920x1080.png
467;VRChat_2026-02-03_21-07-52.414_1920x1080.png
468;VRChat_2026-02-03_21-12-53.137_3840x2160.png
469;VRChat_2026-02-03_21-13-29.767_3840x2160.png
470;VRChat_2026-02-03_21-18-16.247_3840x2160.png
471;VRChat_2026-02-03_21-19-04.507_1920x1080.png
472;VRChat_2026-02-03_21-19-56.969_3840x2160.png
473;VRChat_2026-02-03_21-23-31.007_3840x2160.png
474;VRChat_2026-02-03_21-24-03.511_3840x2160.png
475;VRChat_2026-02-03_21-24-19.215_1920x1080.png
476;VRChat_2026-02-03_21-24-19.905_1920x1080.png
477;VRChat_2026-02-03_21-26-14.141_1080x1920.png
478;VRChat_2026-02-03_21-28-43.518_1920x1080.png
479;VRChat_2026-03-26_22-27-34.715_3840x2160.png
480;VRChat_2026-03-26_22-29-41.956_3840x2160.png
481;VRChat_2026-03-26_23-07-32.799_1920x1080.png
482;VRChat_2026-03-26_23-08-59.781_3840x2160.png
483;VRChat_2026-03-26_23-09-07.479_3840x2160.png
484;VRChat_2026-03-26_23-15-37.158_1920x1080.png
485;VRChat_2026-03-26_23-15-56.678_1920x1080.png
486;VRChat_2026-03-26_23-15-57.098_1920x1080.png
487;VRChat_2026-03-26_23-15-58.872_1920x1080.png
488;VRChat_2026-03-26_23-20-14.127_1920x1080.png
489;VRChat_2026-03-26_23-21-11.194_1920x1080.png
490;VRChat_2026-03-26_23-21-11.059_1920x1080.png
491;VRChat_2026-03-26_23-21-19.185_1920x1080.png
492;VRChat_2026-03-26_23-21-30.245_1920x1080.png
493;VRChat_2026-03-26_23-21-35.140_1920x1080.png
494;VRChat_2026-03-26_23-21-52.336_1920x1080.png
495;VRChat_2026-03-26_23-21-56.192_1920x1080.png
496;VRChat_2026-03-26_23-22-17.780_1920x1080.png
497;VRChat_2026-03-26_23-23-25.995_1920x1080.png
498;VRChat_2026-03-26_23-25-54.310_1920x1080.png
499;VRChat_2026-03-26_23-26-13.580_1920x1080.png
500;VRChat_2026-03-26_23-27-23.348_1920x1080.png
501;VRChat_2026-03-26_23-34-40.808_3840x2160.png
502;VRChat_2026-03-26_23-37-44.676_3840x2160.png
503;VRChat_2026-03-26_23-37-50.289_3840x2160.png
504;VRChat_2026-03-26_23-41-07.008_1080x1920.png
505;VRChat_2026-03-27_00-14-57.330_1920x1080.png
506;VRChat_2026-03-28_2026021.JPG
507;VRChat_2026-04-24_00-29-47.300_3840x2160.png
508;VRChat_2026-04-24_00-58-15.525_1920x1080.png
509;VRChat_2026-04-24_00-58-20.446_1920x1080.png
510;VRChat_2026-04-24_00-58-54.724_1920x1080.png
511;VRChat_2026-04-24_00-59-21.610_1920x1080.png
512;VRChat_2026-04-24_01-37-10.841_1920x1080.png
513;VRChat_2026-04-24_01-37-10.025_1920x1080.png
514;VRChat_2026-04-24_01-37-13.765_1920x1080.png
